{"timestamps": [1466105484.136354, 1466105494.915204], "initial_reset_timestamp": 1466105467.071113, "episode_lengths": [200, 159], "episode_rewards": [200.0, 159.0]}